<?xml version="1.0" encoding="UTF-8"?>
<beans xmlns="http://www.springframework.org/schema/beans"
       xmlns:xsi="http://www.w3.org/2001/XMLSchema-instance"
       xmlns:p="http://www.springframework.org/schema/p"
       xmlns:mongo="http://www.springframework.org/schema/data/mongo"
       xsi:schemaLocation="http://www.springframework.org/schema/beans
            http://www.springframework.org/schema/beans/spring-beans-3.2.xsd
            http://www.springframework.org/schema/data/mongo
            http://www.springframework.org/schema/data/mongo/spring-mongo.xsd
            http://www.springframework.org/schema/data/repository
            http://www.springframework.org/schema/data/repository/spring-repository-1.5.xsd">

    <!-- For mail settings and future properties files -->
    <bean id="propertyConfigurer" class="com.lenovo.m2.buy.promotion.admin.soa.utils.CustomizedPropertyConfigurer">
        <property name="locations">
            <list>
                <value>classpath:jdbc.properties</value>
                <value>classpath:config.properties</value>
                <value>classpath:env.properties</value>
            </list>
        </property>
    </bean>

    <bean id="dataSource" class="org.apache.commons.dbcp.BasicDataSource" destroy-method="close">
        <property name="driverClassName" value="com.mysql.jdbc.Driver"/>
        <property name="url" value="${jdbc.url}"/>
        <property name="username" value="${jdbc.username}"/>
        <property name="password" value="${jdbc.password}"/>
        <property name="maxActive" value="100"/>
        <property name="maxWait" value="1000"/>
        <property name="poolPreparedStatements" value="true"/>
        <property name="defaultAutoCommit" value="true"/>
    </bean>

</beans>
