<?xml version="1.0" encoding="UTF-8"?>
<beans xmlns="http://www.springframework.org/schema/beans"
       xmlns:aop="http://www.springframework.org/schema/aop" xmlns:context="http://www.springframework.org/schema/context"
       xmlns:mvc="http://www.springframework.org/schema/mvc" xmlns:tx="http://www.springframework.org/schema/tx"
       xmlns:xsi="http://www.w3.org/2001/XMLSchema-instance"
       xsi:schemaLocation="http://www.springframework.org/schema/aop
        http://www.springframework.org/schema/aop/spring-aop-4.1.xsd
        http://www.springframework.org/schema/beans
        http://www.springframework.org/schema/beans/spring-beans-4.1.xsd
        http://www.springframework.org/schema/context
        http://www.springframework.org/schema/context/spring-context-4.1.xsd
        http://www.springframework.org/schema/mvc
        http://www.springframework.org/schema/mvc/spring-mvc-4.1.xsd
        http://www.springframework.org/schema/tx
        http://www.springframework.org/schema/tx/spring-tx-4.1.xsd"
        default-lazy-init="false" default-autowire="byName">

    <aop:aspectj-autoproxy proxy-target-class="true"/>
    <context:component-scan base-package="com.lenovo.m2.buy.promotion.admin.controller"/>
    <context:component-scan base-package="com.lenovo.m2.buy.promotion.pay"/>
    <context:component-scan base-package="com.lenovo.m2.buy.promotion.web"/>


    <bean class="org.springframework.beans.factory.config.PropertyPlaceholderConfigurer">
        <property name="locations">
            <list>
                <value>classpath:basic.properties</value>
            </list>
        </property>
    </bean>
    <!-- Configures the @Controller programming model -->
   <!-- <mvc:annotation-driven>
        <mvc:message-converters>
            <bean class="org.springframework.http.converter.StringHttpMessageConverter">
                <property name="supportedMediaTypes">
                    <list>
                        <value>text/plain;charset=UTF-8</value>
                        <value>text/html;charset=UTF-8</value>
                    </list>
                </property>
            </bean>
            <bean
                    class="org.springframework.http.converter.json.MappingJackson2HttpMessageConverter">
                <property name="supportedMediaTypes">
                    <list>
                        <value>application/json; charset=UTF-8</value>
                        <value>application/x-www-form-urlencoded; charset=UTF-8</value>
                    </list>
                </property>
            </bean>
        </mvc:message-converters>

    </mvc:annotation-driven>-->
    
    
    <mvc:annotation-driven>
        <mvc:message-converters>
            <bean class="org.springframework.http.converter.StringHttpMessageConverter">
                <property name="supportedMediaTypes">
                    <list>
                        <value>application/json;charset=UTF-8</value>
                        <value>text/plain;charset=UTF-8</value>
                    </list>
                </property>
            </bean>
        </mvc:message-converters>
    </mvc:annotation-driven>
    <bean class="org.springframework.web.servlet.mvc.method.annotation.RequestMappingHandlerAdapter">
        <property name="messageConverters">
            <list>
                <bean class="org.springframework.http.converter.json.MappingJackson2HttpMessageConverter"/>
            </list>
        </property>
    </bean>

    <bean id="multipartResolver" class="org.springframework.web.multipart.commons.CommonsMultipartResolver">
        <property name="maxUploadSize" value="2097152"/>
    </bean>

    <bean id="messageSource" class="org.springframework.context.support.ResourceBundleMessageSource">
        <property name="basename" value="messages"/>
        <property name="useCodeAsDefaultMessage" value="true"/>
    </bean>
    <mvc:resources mapping="/js/jquery-ui/images/**" location="/js/jquery-ui/images/"/>
    <mvc:resources mapping="/images/**" location="/images/"/>
    <mvc:interceptors>
        <mvc:interceptor>
 			<mvc:mapping path="/**"/>
 			<bean class="com.lenovo.m2.buy.promotion.admin.filter.InitUserInterceptor">
			</bean>
 		</mvc:interceptor>
        <mvc:interceptor>
            <mvc:mapping path="/**"/>
            <bean class="com.lenovo.m2.buy.promotion.admin.filter.CheckTenantInterceptor">
            </bean>
        </mvc:interceptor>
	</mvc:interceptors>
    <bean name="velocityTools" class="java.util.HashMap">
        <constructor-arg>
            <map>
                <entry key="stringUtils">
                    <bean class="org.apache.commons.lang.StringUtils"/>
                </entry>
                <entry key="stringEscapeUtils">
                    <bean class="org.apache.commons.lang.StringEscapeUtils"/>
                </entry>
                <entry key="dateUtils">
                    <bean class="org.apache.commons.lang.time.DateUtils"/>
                </entry>
                <entry key="math">
                    <bean class="org.apache.velocity.tools.generic.MathTool"/>
                </entry>
                <entry key="dateFormatUtils">
                    <bean class="com.lenovo.m2.arch.tool.util.DateFormatUtils"/>
                </entry>
            </map>
        </constructor-arg>
    </bean>
    
    
    <bean id="velocityUrl" class="java.util.HashMap">
        <constructor-arg>
            <map>
                <entry key="homeModule">
                    <bean class="com.lenovo.m2.arch.framework.web.url.WebUrl">
                        <property name="url" value="http://localhost/"/>
                    </bean>
                </entry>
                <!--样式、js、图片地址 -->
                <entry key="assetModule">
                    <bean class="com.lenovo.m2.arch.framework.web.url.WebUrl">
                        <property name="url" value="http://localhost/"/>
                    </bean>
                </entry>
                <entry key="smbPayModule">
                    <bean class="com.lenovo.m2.arch.framework.web.url.WebUrl">
                        <property name="url" value="${smb.pay.url}"/>
                    </bean>
                </entry>
                <entry key="passPortHttpModule">
                    <bean class="com.lenovo.m2.arch.framework.web.url.WebUrl">
                        <property name="url" value="${passport.http.url}"/>
                    </bean>
                </entry>
                <entry key="smbModule">
                    <bean class="com.lenovo.m2.arch.framework.web.url.WebUrl">
                        <property name="url" value="${smb.url}"/>
                    </bean>
                </entry>
                <entry key="passPortModule">
                    <bean class="com.lenovo.m2.arch.framework.web.url.WebUrl">
                        <property name="url" value="${passport.url}"/>
                    </bean>
                </entry>
                <entry key="smbOrderModule">
                    <bean class="com.lenovo.m2.arch.framework.web.url.WebUrl">
                        <property name="url" value="${smb.order.url}"/>
                    </bean>
                </entry>
                <entry key="smbMemberCenterModule">
                    <bean class="com.lenovo.m2.arch.framework.web.url.WebUrl">
                        <property name="url" value="${smb.member.center.url}"/>
                    </bean>
                </entry>
                <entry key="payOrderInfoModule">
                    <bean class="com.lenovo.m2.arch.framework.web.url.WebUrl">
                        <property name="url" value="${pay.order.info}"/>
                    </bean>
                </entry>

                <entry key="b2cWapOrderModule">
                    <bean class="com.lenovo.m2.arch.framework.web.url.WebUrl">
                        <property name="url" value="${b2c.wap.order.url}"/>
                    </bean>
                </entry>
                <entry key="b2cWapSearchModule">
                    <bean class="com.lenovo.m2.arch.framework.web.url.WebUrl">
                        <property name="url" value="https://s.lenovo.com.cn/m/"/>
                    </bean>
                </entry>
                <entry key="shopWapModule">
                    <bean class="com.lenovo.m2.arch.framework.web.url.WebUrl">
                        <property name="url" value="https://m.lenovo.com.cn"/>
                    </bean>
                </entry>
                <entry key="b2cMemberCenterModule">
                    <bean class="com.lenovo.m2.arch.framework.web.url.WebUrl">
                        <property name="url" value="https://i.lenovo.com.cn"/>
                    </bean>
                </entry>
                <entry key="wapB2cClubUrlModule">
                    <bean class="com.lenovo.m2.arch.framework.web.url.WebUrl">
                        <property name="url" value="http://club.lenovo.com.cn/thread-896422-1-1.html?ngAdID=center_f_gwwap_checkout_songyb"/>
                    </bean>
                </entry>

            </map>
        </constructor-arg>
    </bean>
    
    <!-- velocity引擎 -->
    <bean id="velocityConfigurer"
          class="org.springframework.web.servlet.view.velocity.VelocityConfigurer">
        
        <!-- 模板存放的路徑 -->
        <property name="resourceLoaderPath" value="/"/>
        <!-- Velocity配置文件 -->
        <property name="configLocation" value="classpath:velocity.properties"/>
        <property name="velocityProperties">
            <props>
                <prop key="input.encoding">UTF-8</prop>
                <prop key="output.encoding">UTF-8</prop>
            </props>
        </property>
    
    </bean>
    
    <!-- 禁用了原有属性：layoutUrl，layoutKey，screenContentKey，dateToolAttribute，numberToolAttribute，toolboxConfigLocation-->
    <bean id="viewResolver"
          class="com.lenovo.m2.arch.framework.springmvc.view.LenovoVelocityLayoutViewResolver">
        <property name="viewClass" value="com.lenovo.m2.arch.framework.springmvc.view.LenovoVelocityLayoutView"/>
        <property name="cache" value="false"/>
        <property name="prefix" value="/WEB-INF/vm/screen/"/>
        <property name="suffix" value=".vm"/>
        <property name="contentType" value="text/html;charset=UTF-8"/>
        <property name="exposeSpringMacroHelpers" value="true"/>
        <property name="exposeRequestAttributes" value="true"/>
        <property name="exposeSessionAttributes" value="true"/>
        <property name="requestContextAttribute" value="rc"/>
        <property name="velocityTools" ref="velocityTools"/>
        <property name="velocityUrl" ref="velocityUrl"/>
    </bean>
   </beans>
