<?xml version="1.0" encoding="UTF-8"?>
<beans xmlns="http://www.springframework.org/schema/beans" xmlns:xsi="http://www.w3.org/2001/XMLSchema-instance"
       xmlns:aop="http://www.springframework.org/schema/aop"
       xmlns:context="http://www.springframework.org/schema/context"
       xmlns:tx="http://www.springframework.org/schema/tx"
       xsi:schemaLocation="http://www.springframework.org/schema/beans http://www.springframework.org/schema/beans/spring-beans-2.5.xsd
            http://www.springframework.org/schema/aop http://www.springframework.org/schema/aop/spring-aop-2.5.xsd
            http://www.springframework.org/schema/context http://www.springframework.org/schema/context/spring-context-2.5.xsd
            http://www.springframework.org/schema/tx http://www.springframework.org/schema/tx/spring-tx-2.5.xsd"
       default-lazy-init="true">

    <!-- 事务管理 -->
    <bean id="transactionManager" class="org.springframework.jdbc.datasource.DataSourceTransactionManager">
        <property name="dataSource" ref="dataSource"/>
    </bean>

    <!-- Aop 事务管理控制 -->
    <aop:config>
        <aop:advisor id="managerTx" advice-ref="txAdvice" pointcut="execution(* com.lenovo.m2.buy.promotion.admin.manager.commonManager.*.*(..))" order="0"/>
    </aop:config>
    <tx:advice id="txAdvice" transaction-manager="transactionManager">
        <tx:attributes>
            <!-- get find等查询方法不使用事务 其他方法都使用事务控制，当发生异常时整个方法事务回滚 -->
            <tx:method name="get*" read-only="true" />
            <tx:method name="find*" read-only="true" />
            <tx:method name="*" propagation="REQUIRED" rollback-for="Exception" />
        </tx:attributes>
    </tx:advice>
    <tx:annotation-driven transaction-manager="transactionManager" proxy-target-class="true" />
    

</beans>
