<?xml version="1.0" encoding="UTF-8"?>
<beans xmlns="http://www.springframework.org/schema/beans" xmlns:xsi="http://www.w3.org/2001/XMLSchema-instance"
       xmlns:aop="http://www.springframework.org/schema/aop"
       xsi:schemaLocation="http://www.springframework.org/schema/beans http://www.springframework.org/schema/beans/spring-beans-3.0.xsd
       http://www.springframework.org/schema/aop
       http://www.springframework.org/schema/aop/spring-aop.xsd "
       default-lazy-init="true">


    <bean id="timeHandler" class="com.lenovo.m2.arch.tool.aop.TimeHandler"/>
    <!--<bean id="paramsHandler" class="com.lenovo.m2.buy.promotion.admin.filter.RequestParamInterceptor"/>-->

    <bean class="org.springframework.aop.framework.autoproxy.BeanNameAutoProxyCreator">
        <property name="beanNames">
            <value>*Controller</value>
        </property>
        <property name="interceptorNames">
            <list>
                <value>timeHandler</value>
                <!--<value>paramsHandler</value>-->
            </list>
        </property>
    </bean>


    <bean id="paramsInterceptor" class="com.lenovo.m2.buy.promotion.admin.filter.RequestParamInterceptor" ></bean>

    <aop:config>
        <!--切入点-->
        <aop:pointcut id="promotionPoint"
             expression="execution(public * com.lenovo.m2.buy.promotion.admin.controller.b2c.*.*(..)) or execution(public * com.lenovo.m2.buy.promotion.admin.controller.api.*.*(..)) "/>
        <!--在该切入点使用自定义拦截器-->
        <aop:advisor pointcut-ref="promotionPoint" advice-ref="paramsInterceptor"/>
    </aop:config>
</beans>
