<?xml version="1.0" encoding="UTF-8"?>
<beans xmlns="http://www.springframework.org/schema/beans"
       xmlns:xsi="http://www.w3.org/2001/XMLSchema-instance"
       xmlns:dubbo="http://code.alibabatech.com/schema/dubbo"
       xsi:schemaLocation="http://www.springframework.org/schema/beans
        http://www.springframework.org/schema/beans/spring-beans.xsd
        http://code.alibabatech.com/schema/dubbo
        http://code.alibabatech.com/schema/dubbo/dubbo.xsd
        ">

    <!--  dubb配置注册信息分割线  -->
    <dubbo:application name="${dubbo.application.name}" />
    <dubbo:registry id="buyRegistry" protocol="${dubbo.registry.protocol}" address="${dubbo.registry.address}" group="${dubbo.registry.group}"/><!-- ${dubbo.registry.promotionAdminSoa} -->
    <dubbo:protocol port="-1"/>
    <!--商品注册中心-->
    <dubbo:registry id="productHs2" address="${dubbo.registry.address}"  protocol="${dubbo.registry.protocol}" group="/dubbo" default="false"/>
    <dubbo:registry protocol="${dubbo.registry.protocol}" address="${dubbo.registry.address}" file="${catalina.home}/dubbo-registry/dubbo-registry-01.properties"/>

    <dubbo:reference id="bankCardLimitService" interface="com.lenovo.m2.hsbuy.service.pay.soa.BankCardLimitService" cache="false" timeout="10000" check="false" retries="6" registry="buyRegistry"/>
    <dubbo:reference id="cancelOrderService" interface="com.lenovo.m2.hsbuy.service.pay.soa.CancelOrderService" cache="false" timeout="10000" check="false" retries="6" registry="buyRegistry"/>
    <dubbo:reference id="soaChannelOrderService" interface="com.lenovo.m2.hsbuy.service.pay.soa.ChannelOrderService" cache="false" timeout="10000" check="false" retries="6" registry="buyRegistry"/>
    <dubbo:reference id="merchantPayPlatService" interface="com.lenovo.m2.hsbuy.service.pay.soa.MerchantPayPlatService" cache="false" timeout="10000" check="false" retries="6" registry="buyRegistry"/>
    <dubbo:reference id="merchantService" interface="com.lenovo.m2.hsbuy.service.pay.soa.MerchantService" cache="false" timeout="10000" check="false" retries="6" registry="buyRegistry"/>
    <dubbo:reference id="orderQueryService" interface="com.lenovo.m2.hsbuy.service.pay.soa.OrderQueryService" cache="false" timeout="10000" check="false" retries="6" registry="buyRegistry"/>
    <dubbo:reference id="paidCallBackDataService" interface="com.lenovo.m2.hsbuy.service.pay.soa.PaidCallBackDataService" cache="false" timeout="10000" check="false" retries="6" registry="buyRegistry"/>
    <dubbo:reference id="payBankService" interface="com.lenovo.m2.hsbuy.service.pay.soa.PayBankService" cache="false" timeout="10000" check="false" retries="6" registry="buyRegistry"/>
    <dubbo:reference id="payChannelBankService" interface="com.lenovo.m2.hsbuy.service.pay.soa.PayChannelBankService" cache="false" timeout="10000" check="false" retries="6" registry="buyRegistry"/>
    <dubbo:reference id="payFakeRulesService" interface="com.lenovo.m2.hsbuy.service.pay.soa.PayFakeRulesService" cache="false" timeout="10000" check="false" retries="6" registry="buyRegistry"/>
    <dubbo:reference id="payMailService" interface="com.lenovo.m2.hsbuy.service.pay.soa.PayMailService" cache="false" timeout="10000" check="false" retries="6" registry="buyRegistry"/>
    <dubbo:reference id="payOrderService" interface="com.lenovo.m2.hsbuy.service.pay.soa.PayOrderService" cache="false" timeout="10000" check="false" retries="6" registry="buyRegistry"/>
    <dubbo:reference id="soaPayPlatRulesService" interface="com.lenovo.m2.hsbuy.service.pay.soa.PayPlatRulesService" cache="false" timeout="10000" check="false" retries="6" registry="buyRegistry"/>
    <dubbo:reference id="payPointRulesService" interface="com.lenovo.m2.hsbuy.service.pay.soa.PayPointRulesService" cache="false" timeout="10000" check="false" retries="6" registry="buyRegistry"/>
    <dubbo:reference id="payPortalOrderService" interface="com.lenovo.m2.hsbuy.service.pay.soa.PayPortalOrderService" cache="false" timeout="10000" check="false" retries="6" registry="buyRegistry"/>
    <dubbo:reference id="payTypeTemplateService" interface="com.lenovo.m2.hsbuy.service.pay.soa.PayTypeTemplateService" cache="false" timeout="10000" check="false" retries="6" registry="buyRegistry"/>
    <dubbo:reference id="refundOrderService" interface="com.lenovo.m2.hsbuy.service.pay.soa.RefundOrderService" cache="false" timeout="10000" check="false" retries="6" registry="buyRegistry"/>
    <dubbo:reference id="refundQueryService" interface="com.lenovo.m2.hsbuy.service.pay.soa.RefundQueryService" cache="false" timeout="10000" check="false" retries="6" registry="buyRegistry"/>
    <dubbo:reference id="aBCPayRefundService" interface="com.lenovo.m2.hsbuy.service.pay.refund.ABCPayRefundService" cache="false" timeout="10000" check="false" retries="6" registry="buyRegistry"/>
    <dubbo:reference id="aliPayRefundService" interface="com.lenovo.m2.hsbuy.service.pay.refund.AliPayRefundService" cache="false" timeout="10000" check="false" retries="6" registry="buyRegistry"/>
    <dubbo:reference id="cMBFQPayRefundService" interface="com.lenovo.m2.hsbuy.service.pay.refund.CMBFQPayRefundService" cache="false" timeout="10000" check="false" retries="6" registry="buyRegistry"/>
    <dubbo:reference id="cMBPayRefundService" interface="com.lenovo.m2.hsbuy.service.pay.refund.CMBPayRefundService" cache="false" timeout="10000" check="false" retries="6" registry="buyRegistry"/>
    <dubbo:reference id="refundService" interface="com.lenovo.m2.hsbuy.service.pay.refund.RefundService" cache="false" timeout="10000" check="false" retries="6" registry="buyRegistry"/>
    <dubbo:reference id="unionPayRefundService" interface="com.lenovo.m2.hsbuy.service.pay.refund.UnionPayRefundService" cache="false" timeout="10000" check="false" retries="6" registry="buyRegistry"/>
    <dubbo:reference id="wxPayRefundService" interface="com.lenovo.m2.hsbuy.service.pay.refund.WxPayRefundService" cache="false" timeout="10000" check="false" retries="6" registry="buyRegistry"/>
    <dubbo:reference id="aliPayQueryService" interface="com.lenovo.m2.hsbuy.service.pay.query.AliPayQueryService" cache="false" timeout="10000" check="false" retries="6" registry="buyRegistry"/>
    <dubbo:reference id="cMBPayQueryService" interface="com.lenovo.m2.hsbuy.service.pay.query.CMBPayQueryService" cache="false" timeout="10000" check="false" retries="6" registry="buyRegistry"/>
    <dubbo:reference id="wxPayQueryService" interface="com.lenovo.m2.hsbuy.service.pay.query.WxPayQueryService" cache="false" timeout="10000" check="false" retries="6" registry="buyRegistry"/>
    <dubbo:reference id="ordersoaChannelOrderService" interface="com.lenovo.m2.hsbuy.service.pay.ordersoa.ChannelOrderService" cache="false" timeout="10000" check="false" retries="6" registry="buyRegistry"/>
    <dubbo:reference id="channelPayCenterService" interface="com.lenovo.m2.hsbuy.service.pay.ordersoa.ChannelPayCenterService" cache="false" timeout="10000" check="false" retries="6" registry="buyRegistry"/>
    <dubbo:reference id="channelPayCheckService" interface="com.lenovo.m2.hsbuy.service.pay.ordersoa.ChannelPayCheckService" cache="false" timeout="10000" check="false" retries="6" registry="buyRegistry"/>
    <dubbo:reference id="ordersoaPayPlatRulesService" interface="com.lenovo.m2.hsbuy.service.pay.ordersoa.PayPlatRulesService" cache="false" timeout="10000" check="false" retries="6" registry="buyRegistry"/>
    <dubbo:reference id="aliPayCancelService" interface="com.lenovo.m2.hsbuy.service.pay.cancel.AliPayCancelService" cache="false" timeout="10000" check="false" retries="6" registry="buyRegistry"/>
    <dubbo:reference id="wxPayCancelService" interface="com.lenovo.m2.hsbuy.service.pay.cancel.WxPayCancelService" cache="false" timeout="10000" check="false" retries="6" registry="buyRegistry"/>


    <dubbo:reference id="salescouponsService" interface="com.lenovo.m2.couponV2.api.service.SalescouponsService" cache="false" timeout="500000" check="false" retries="0" registry="buyRegistry"/>
    <dubbo:reference id="couponsCategoryService" interface="com.lenovo.m2.couponV2.api.service.CouponsCategoryService" cache="false" timeout="500000" check="false" retries="0" registry="buyRegistry"/>
    <dubbo:reference id="memberCounponrelsService" interface="com.lenovo.m2.couponV2.api.service.MemberCounponrelsService" cache="false" timeout="500000" check="false" retries="0" registry="buyRegistry"/>
    <dubbo:reference id="usergroupcouponrelService" interface="com.lenovo.m2.couponV2.api.service.UsergroupcouponrelService" cache="false" timeout="500000" check="false" retries="0" registry="buyRegistry"/>
    <dubbo:reference id="couponchecksService" interface="com.lenovo.m2.couponV2.api.service.CouponchecksService" cache="false" timeout="500000" check="false" retries="0" registry="buyRegistry"/>
    <dubbo:reference id="couponsService" interface="com.lenovo.m2.couponV2.api.service.CouponsService" cache="false" timeout="500000" check="false" retries="0" registry="buyRegistry"/>
    <dubbo:reference id="memberExcelTempService" interface="com.lenovo.m2.couponV2.api.service.MemberExcelTempService" cache="false" timeout="500000" check="false" retries="0" registry="buyRegistry"/>
    <dubbo:reference id="availableSalescouponsService" interface="com.lenovo.m2.couponV2.api.service.AvailableSalescouponsService" cache="false" timeout="500000" check="false" retries="0" registry="buyRegistry"/>
    <dubbo:reference id="couponReportService" interface="com.lenovo.m2.couponV2.api.service.CouponReportService" cache="false" timeout="500000" check="false" retries="0" registry="buyRegistry"/>


    <dubbo:reference id="vatApiOrderCenter" interface="com.lenovo.m2.ordercenter.soa.api.vat.VatApiOrderCenter" cache="false" timeout="500000" check="false" retries="0" registry="buyRegistry"/>



    <dubbo:reference registry="buyRegistry" interface="com.lenovo.m2.buy.promotion.admin.soa.api.service.PromotionAdminRead" id="promotionAdminRead" timeout="50000"  check="false" ></dubbo:reference>
    <dubbo:reference registry="buyRegistry" interface="com.lenovo.m2.buy.promotion.admin.soa.api.service.PromotionAdminWrite" id="promotionAdminWrite"  timeout="50000" check="false" retries="0" ></dubbo:reference>
    <dubbo:reference registry="buyRegistry" interface="com.lenovo.m2.buy.promotion.admin.soa.api.service.SeckillActivityService" id="seckillActivityService"  timeout="50000" check="false" retries="0" ></dubbo:reference>

    <dubbo:reference registry="buyRegistry" interface="com.lenovo.m2.buy.promotion.api.service.PromotionService" id="promotionService"  timeout="50000" check="false" retries="0" ></dubbo:reference>
    <dubbo:reference registry="buyRegistry" interface="com.lenovo.m2.buy.promotion.api.service.ActivityService" id="activityService"  timeout="50000" check="false" retries="0" ></dubbo:reference>


    <dubbo:reference registry="buyRegistry" interface="com.lenovo.m2.hsbuy.middleware.OrderMiddlewareService" id="orderMiddlewareService"  timeout="50000" check="false" retries="0" ></dubbo:reference>
    <dubbo:reference interface="com.lenovo.m2.hsbuy.ordercenter.OpenOrderService" id="orderOpenService"  timeout="50000" check="false" retries="0" ></dubbo:reference>
    <dubbo:reference interface="com.lenovo.m2.hsbuy.ordererp.ERPOrderService" id="erpOrderService"  timeout="50000" check="false" retries="0" ></dubbo:reference>
    <dubbo:reference interface="com.lenovo.m2.hsbuy.throwengine.HsOrderService" id="hsOrderService"  timeout="50000" check="false" retries="0" ></dubbo:reference>
    <dubbo:reference interface="com.lenovo.m2.hsbuy.logistics.SmbLogisticsService" id="smbLogisticsService"  timeout="50000" check="false" retries="0" ></dubbo:reference>
    <dubbo:reference interface="com.lenovo.m2.hsbuy.logistics.LogisticApiService" id="logisticApiService"  timeout="50000" check="false" retries="0" ></dubbo:reference>

    <dubbo:reference  id="norderService" interface="com.lenovo.m2.hsbuy.purchase.NorderService" timeout="100000" check="false" retries="0" />
    <!--商品-->
    <dubbo:reference id="faBaseInfoesService" interface="com.lenovo.shop.admin.api.FaBaseInfoesService" registry="productHs2" timeout="100000"    check="false"/>
    <dubbo:reference id="goodsMaterialsService" interface="com.lenovo.shop.goods.api.GoodsMaterialsService" registry="productHs2" timeout="100000"    check="false"/>
    <dubbo:reference id="newGoodsService" interface="com.lenovo.b2c.goods.api.NewGoodsService" registry="productHs2" timeout="100000"    check="false"/>
    <dubbo:reference id="productInfoesService" interface="com.lenovo.shop.goods.api.ProductInfoesService" registry="productHs2" timeout="100000"    check="false"/>
    <!--库存-->
    <dubbo:reference interface="com.lenovo.m2.hsbuy.inventory.HsStockApiService" id="hsStockApiService"  timeout="50000" check="false" retries="0" ></dubbo:reference>
    <dubbo:reference interface="com.lenovo.m2.hsbuy.inventory.StockAdminApiService" id="stockAdminApiService"  timeout="50000" check="false" retries="0" ></dubbo:reference>
    <dubbo:reference interface="com.lenovo.m2.hsbuy.inventory.StockPortApiService" id="stockPortApiService"  timeout="50000" check="false" retries="0" registry="buyRegistry"></dubbo:reference>
    <!--惠商小蜜蜂-->
    <dubbo:reference interface="com.lenovo.m2.hsbuy.bee.PromotionRoutedService" id="promotionRoutedService"  timeout="50000" check="false" retries="0" ></dubbo:reference>
    <!--地址服务-->
    <dubbo:reference interface="com.lenovo.m2.hsbuy.address.AddressService" id="addressService"  timeout="50000" check="false" retries="0" registry="buyRegistry" />

    <!--积分兑换优惠券服务-->
    <dubbo:reference interface="com.lenovo.m2.hsbuy.integral.CouponAndIntegralInfoService" id="couponAndIntegralInfoService"  timeout="50000" check="false" retries="0" registry="buyRegistry" />

    <!--17合同管理-->
    <dubbo:reference interface="com.lenovo.m2.hsbuy.smb17.ContractApiService" id="contractApiService"  timeout="50000" check="false" retries="0" registry="buyRegistry" />

</beans>